Day;Hour;Minute;InverterPVActualActivePower;ActivePowerAbsorbedFromGrid;InverterConsumerActivePowerLoad;ActivePowerInjectedToGrid
01;00;00;0;0;0;0
01;00;15;0;473;19;0
01;00;30;0;306;19;0
01;00;45;0;109;16;0
01;01;00;0;107;19;0
01;01;15;0;73;20;0
01;01;30;0;80;20;0
01;01;45;0;65;19;0
01;02;00;0;61;19;0
01;02;15;0;55;18;0
01;02;30;0;59;19;0
01;02;45;0;71;18;0
01;03;00;0;70;18;0
01;03;15;0;65;20;0
01;03;30;0;59;22;0
01;03;45;0;56;19;0
01;04;00;0;60;18;0
01;04;15;0;70;19;0
01;04;30;0;64;18;0
01;04;45;0;70;19;0
01;05;00;0;85;18;0
01;05;15;0;66;20;0
01;05;30;0;54;20;0
01;05;45;0;61;21;0
01;06;00;0;64;18;0
01;06;15;0;61;19;0
01;06;30;0;51;17;0
01;06;45;0;48;20;0
01;07;00;0;51;20;0
01;07;15;0;54;18;0
01;07;30;0;65;19;0
01;07;45;0;61;19;0
01;08;00;0;54;20;0
01;08;15;0;46;18;0
01;08;30;10;45;20;0
01;08;45;10;44;20;0
01;09;00;14;41;19;0
01;09;15;25;39;18;0
01;09;30;31;20;20;0
01;09;45;39;131;19;0
01;10;00;51;145;19;0
01;10;15;49;161;18;0
01;10;30;86;161;19;0
01;10;45;74;217;20;0
01;11;00;94;151;18;0
01;11;15;120;91;18;10
01;11;30;130;103;20;0
01;11;45;141;85;19;0
01;12;00;131;66;19;0
01;12;15;139;45;20;0
01;12;30;145;64;19;0
01;12;45;155;31;20;21
01;13;00;141;145;18;10
01;13;15;189;95;20;49
01;13;30;270;35;31;111
01;13;45;226;36;30;80
01;14;00;165;68;30;20
01;14;15;160;70;33;19
01;14;30;134;95;31;0
01;14;45;116;245;30;0
01;15;00;85;456;29;0
01;15;15;70;495;30;0
01;15;30;49;539;30;0
01;15;45;31;216;27;0
01;16;00;10;160;18;0
01;16;15;10;124;22;0
01;16;30;0;175;22;0
01;16;45;0;51;18;0
01;17;00;0;56;18;0
01;17;15;0;58;21;0
01;17;30;0;56;15;0
01;17;45;0;50;18;0
01;18;00;0;45;19;0
01;18;15;0;50;19;0
01;18;30;0;49;19;0
01;18;45;0;61;17;0
01;19;00;0;235;19;0
01;19;15;0;140;20;0
01;19;30;0;210;19;0
01;19;45;0;225;19;0
01;20;00;0;230;19;0
01;20;15;0;270;19;0
01;20;30;0;260;20;0
01;20;45;0;289;19;0
01;21;00;0;351;19;0
01;21;15;0;360;19;0
01;21;30;0;350;19;0
01;21;45;0;385;18;0
01;22;00;0;325;18;0
01;22;15;0;295;21;0
01;22;30;0;295;18;0
01;22;45;0;234;18;0
01;23;00;0;206;21;0
01;23;15;0;250;19;0
01;23;30;0;279;18;0
01;23;45;0;531;17;0
02;00;00;0;314;19;0
02;00;15;0;245;18;0
02;00;30;0;240;17;0
02;00;45;0;250;19;0
02;01;00;0;340;18;0
02;01;15;0;311;20;0
02;01;30;0;304;22;0
02;01;45;0;300;18;0
02;02;00;0;286;20;0
02;02;15;0;285;17;0
02;02;30;0;320;20;0
02;02;45;0;274;18;0
02;03;00;0;326;17;0
02;03;15;0;290;22;0
02;03;30;0;115;21;0
02;03;45;0;75;20;0
02;04;00;0;70;18;0
02;04;15;0;66;17;0
02;04;30;0;49;20;0
02;04;45;0;55;19;0
02;05;00;0;54;18;0
02;05;15;0;65;19;0
02;05;30;0;61;19;0
02;05;45;0;56;21;0
02;06;00;0;48;18;0
02;06;15;0;51;19;0
02;06;30;0;61;17;0
02;06;45;0;63;19;0
02;07;00;0;56;19;0
02;07;15;0;51;19;0
02;07;30;0;48;18;0
02;07;45;0;56;18;0
02;08;00;0;170;20;0
02;08;15;0;210;17;0
02;08;30;0;149;20;0
02;08;45;9;231;18;0
02;09;00;9.999999999;199;17;0
02;09;15;10;226;20;0
02;09;30;31;225;17;0
02;09;45;49;225;21;0
02;10;00;56;154;20;0
02;10;15;53;160;18;0
02;10;30;61;511;361;0
02;10;45;51;275;132;0
02;11;00;75;650;307;0
02;11;15;90;535;360;0
02;11;30;119;235;82;0
02;11;45;75;330;20;0
02;12;00;136;144;20;0
02;12;15;178;103;17;0
02;12;30;147;137;20;0
02;12;45;185;121;18;10
02;13;00;359;575;28;0
02;13;15;320;170;30;10
02;13;30;156;149;26;0
02;13;45;184;60;27;0
02;14;00;160;32;26;0
02;14;15;124;39;28;0
02;14;30;92;60;22;0
02;14;45;68;65;18;0
02;15;00;41;105;21;0
02;15;15;20;124;21;0
02;15;30;10;641;282;0
02;15;45;0;570;172;0
02;16;00;0;454;293;0
02;16;15;0;545;310;0
02;16;30;0;455;162;0
02;16;45;0;391;18;0
02;17;00;0;369;18;0
02;17;15;0;386;19;0
02;17;30;0;385;17;0
02;17;45;0;370;18;0
02;18;00;0;320;18;0
02;18;15;0;310;19;0
02;18;30;0;325;18;0
02;18;45;0;215;19;0
02;19;00;0;370;19;0
02;19;15;0;234;20;0
02;19;30;0;192;17;0
02;19;45;0;279;20;0
02;20;00;0;180;18;0
02;20;15;0;179;19;0
02;20;30;0;226;19;0
02;20;45;0;240;19;0
02;21;00;0;250;20;0
02;21;15;0;260;16;0
02;21;30;0;230;18;0
02;21;45;0;185;19;0
02;22;00;0;221;18;0
02;22;15;0;189;19;0
02;22;30;0;150;18;0
02;22;45;0;150;19;0
02;23;00;0;139;18;0
02;23;15;0;111;20;0
02;23;30;0;139;17;0
02;23;45;0;117;18;0
03;00;00;0;80;18;0
03;00;15;0;158;18;0
03;00;30;0;116;17;0
03;00;45;0;110;18;0
03;01;00;0;115;19;0
03;01;15;0;115;20;0
03;01;30;0;145;20;0
03;01;45;0;134;19;0
03;02;00;0;141;17;0
03;02;15;0;130;20;0
03;02;30;0;130;18;0
03;02;45;0;140;19;0
03;03;00;0;170;17;0
03;03;15;0;71;21;0
03;03;30;0;75;21;0
03;03;45;0;58;18;0
03;04;00;0;51;18;0
03;04;15;0;49;19;0
03;04;30;0;57;18;0
03;04;45;0;64;18;0
03;05;00;0;61;19;0
03;05;15;0;48;17;0
03;05;30;0;51;21;0
03;05;45;0;55;22;0
03;06;00;0;55;18;0
03;06;15;0;60;18;0
03;06;30;0;61;18;0
03;06;45;0;48;17;0
03;07;00;0;51;20;0
03;07;15;0;49;18;0
03;07;30;0;51;18;0
03;07;45;0;80;19;0
03;08;00;0;320;19;0
03;08;15;0;175;18;0
03;08;30;0;105;19;0
03;08;45;0;475;19;0
03;09;00;0;194;18;0
03;09;15;0;207;19;0
03;09;30;0;133;18;0
03;09;45;10;154;19;0
03;10;00;0;242;18;0
03;10;15;0;109;19;0
03;10;30;5.999999999;112;18;0
03;10;45;3.000000001;249;20;0
03;11;00;0;415;20;0
03;11;15;12;224;17;0
03;11;30;10;85;18;0
03;11;45;0;70;18;0
03;12;00;10;61;18;0
03;12;15;9;65;20;0
03;12;30;9.999999999;64;18;0
03;12;45;0;77;18;0
03;13;00;10;54;19;0
03;13;15;10;51;20;0
03;13;30;0;53;23;0
03;13;45;9;56;27;0
03;14;00;12;65;28;0
03;14;15;0;64;28;0
03;14;30;0;80;31;0
03;14;45;10;65;28;0
03;15;00;0;61;26;0
03;15;15;0;56;30;0
03;15;30;0;94;30;0
03;15;45;0;129;26;0
03;16;00;0;121;23;0
03;16;15;0;119;22;0
03;16;30;0;156;21;0
03;16;45;0;250;18;0
03;17;00;0;460;19;0
03;17;15;0;275;16;0
03;17;30;0;265;18;0
03;17;45;0;225;19;0
03;18;00;0;300;17;0
03;18;15;0;670;19;0
03;18;30;0;739;19;0
03;18;45;0;340;17;0
03;19;00;0;186;20;0
03;19;15;0;165;17;0
03;19;30;0;130;21;0
03;19;45;0;120;18;0
03;20;00;0;125;19;0
03;20;15;0;119;18;0
03;20;30;0;101;20;0
03;20;45;0;105;17;0
03;21;00;0;415;20;0
03;21;15;0;240;18;0
03;21;30;0;295;18;0
03;21;45;0;265;21;0
03;22;00;0;270;17;0
03;22;15;0;260;19;0
03;22;30;0;255;18;0
03;22;45;0;255;18;0
03;23;00;0;274;19;0
03;23;15;0;266;19;0
03;23;30;0;229;18;0
03;23;45;0;231;18;0
04;00;00;0;230;17;0
04;00;15;0;245;19;0
04;00;30;0;214;17;0
04;00;45;0;226;17;0
04;01;00;0;215;20;0
04;01;15;0;210;19;0
04;01;30;0;215;22;0
04;01;45;0;209;19;0
04;02;00;0;216;18;0
04;02;15;0;220;19;0
04;02;30;0;220;18;0
04;02;45;0;216;18;0
04;03;00;0;204;19;0
04;03;15;0;205;21;0
04;03;30;0;210;22;0
04;03;45;0;215;17;0
04;04;00;0;214;18;0
04;04;15;0;191;20;0
04;04;30;0;74;18;0
04;04;45;0;75;18;0
04;05;00;0;75;18;0
04;05;15;0;71;20;0
04;05;30;0;75;18;0
04;05;45;0;75;22;0
04;06;00;0;75;18;0
04;06;15;0;66;17;0
04;06;30;0;58;18;0
04;06;45;0;66;19;0
04;07;00;0;65;18;0
04;07;15;0;75;18;0
04;07;30;0;76;18;0
04;07;45;0;74;19;0
04;08;00;0;95;18;0
04;08;15;0;230;80;0
04;08;30;0;574;356;0
04;08;45;0;276;217;0
04;09;00;0;265;183;0
04;09;15;0;486;405;0
04;09;30;0;133;20;0
04;09;45;0;131;19;0
04;10;00;0;140;19;0
04;10;15;0;140;18;0
04;10;30;0;315;19;0
04;10;45;0;255;20;0
04;11;00;0;150;18;0
04;11;15;0;146;17;0
04;11;30;0;138;19;0
04;11;45;0;76;19;0
04;12;00;0;130;19;0
04;12;15;0;170;18;0
04;12;30;0;339;19;0
04;12;45;0;806;19;0
04;13;00;0;635;19;0
04;13;15;0;480;17;0
04;13;30;0;255;19;0
04;13;45;0;210;18;0
04;14;00;0;225;21;0
04;14;15;0;254;20;0
04;14;30;0;271;21;0
04;14;45;0;255;20;0
04;15;00;0;234;18;0
04;15;15;0;126;21;0
04;15;30;0;80;24;0
04;15;45;0;90;17;0
04;16;00;0;100;18;0
04;16;15;0;104;23;0
04;16;30;0;201;22;0
04;16;45;0;129;18;0
04;17;00;0;117;20;0
04;17;15;0;89;18;0
04;17;30;0;105;18;0
04;17;45;0;315;20;0
04;18;00;0;230;20;0
04;18;15;0;175;17;0
04;18;30;0;170;19;0
04;18;45;0;170;19;0
04;19;00;0;175;18;0
04;19;15;0;190;20;0
04;19;30;0;195;19;0
04;19;45;0;229;18;0
04;20;00;0;291;18;0
04;20;15;0;275;20;0
04;20;30;0;471;18;0
04;20;45;0;254;19;0
04;21;00;0;325;18;0
04;21;15;0;255;19;0
04;21;30;0;245;19;0
04;21;45;0;219;17;0
04;22;00;0;231;20;0
04;22;15;0;221;19;0
04;22;30;0;209;19;0
04;22;45;0;205;19;0
04;23;00;0;195;18;0
04;23;15;0;199;20;0
04;23;30;0;181;17;0
04;23;45;0;149;18;0
05;00;00;0;151;17;0
05;00;15;0;140;18;0
05;00;30;0;129;18;0
05;00;45;0;141;18;0
05;01;00;0;130;17;0
05;01;15;0;139;21;0
05;01;30;0;151;21;0
05;01;45;0;150;19;0
05;02;00;0;151;18;0
05;02;15;0;138;18;0
05;02;30;0;139;18;0
05;02;45;0;152;19;0
05;03;00;0;129;18;0
05;03;15;0;151;20;0
05;03;30;0;150;21;0
05;03;45;0;141;19;0
05;04;00;0;138;19;0
05;04;15;0;75;18;0
05;04;30;0;51;19;0
05;04;45;0;49;17;0
05;05;00;0;70;20;0
05;05;15;0;61;17;0
05;05;30;0;70;21;0
05;05;45;0;49;21;0
05;06;00;0;61;19;0
05;06;15;0;50;18;0
05;06;30;0;49;18;0
05;06;45;0;66;18;0
05;07;00;0;65;20;0
05;07;15;0;61;17;0
05;07;30;0;53;20;0
05;07;45;0;156;17;0
05;08;00;0;160;20;0
05;08;15;0;135;18;0
05;08;30;0;150;19;0
05;08;45;0;149;18;0
05;09;00;0;250;21;0
05;09;15;0;191;18;0
05;09;30;0;215;17;0
05;09;45;0;320;20;0
05;10;00;0;184;17;0
05;10;15;0;276;21;0
05;10;30;0;265;18;0
05;10;45;0;229;19;0
05;11;00;0;191;18;0
05;11;15;10;250;21;0
05;11;30;4;190;16;0
05;11;45;5;180;20;0
05;12;00;0;135;18;0
05;12;15;0;124;19;0
05;12;30;0;121;18;0
05;12;45;0;115;20;0
05;13;00;0;104;19;0
05;13;15;9.999999999;107;18;0
05;13;30;0;74;19;0
05;13;45;0;91;27;0
05;14;00;0;79;17;0
05;14;15;0;86;22;0
05;14;30;0;74;21;0
05;14;45;0;79;17;0
05;15;00;0;80;20;0
05;15;15;0;116;29;0
05;15;30;0;115;24;0
05;15;45;0;104;19;0
05;16;00;0;201;20;0
05;16;15;0;355;20;0
05;16;30;0;440;21;0
05;16;45;0;385;18;0
05;17;00;0;496;18;0
05;17;15;0;539;19;0
05;17;30;0;765;16;0
05;17;45;0;674;21;0
05;18;00;0;1281;18;0
05;18;15;0;455;20;0
05;18;30;0;385;20;0
05;18;45;0;189;19;0
05;19;00;0;181;18;0
05;19;15;0;445;19;0
05;19;30;0;409;19;0
05;19;45;0;546;20;0
05;20;00;0;614;17;0
05;20;15;0;676;354;0
05;20;30;0;420;149;0
05;20;45;0;440;194;0
05;21;00;0;884;358;0
05;21;15;0;476;125;0
05;21;30;0;460;19;0
05;21;45;0;485;20;0
05;22;00;0;435;18;0
05;22;15;0;405;19;0
05;22;30;0;345;18;0
05;22;45;0;400;20;0
05;23;00;0;635;19;0
05;23;15;0;455;19;0
05;23;30;0;535;20;0
05;23;45;0;504;16;0
06;00;00;0;405;18;0
06;00;15;0;327;19;0
06;00;30;0;290;18;0
06;00;45;0;148;19;0
06;01;00;0;131;19;0
06;01;15;0;119;22;0
06;01;30;0;126;21;0
06;01;45;0;109;19;0
06;02;00;0;85;18;0
06;02;15;0;80;19;0
06;02;30;0;71;19;0
06;02;45;0;65;20;0
06;03;00;0;70;18;0
06;03;15;0;71;21;0
06;03;30;0;84;23;0
06;03;45;0;74;18;0
06;04;00;0;80;19;0
06;04;15;0;70;20;0
06;04;30;0;61;18;0
06;04;45;0;51;18;0
06;05;00;0;44;19;0
06;05;15;0;55;19;0
06;05;30;0;65;21;0
06;05;45;0;50;21;0
06;06;00;0;45;20;0
06;06;15;0;35;17;0
06;06;30;0;36;19;0
06;06;45;0;39;18;0
06;07;00;0;51;20;0
06;07;15;0;53;19;0
06;07;30;0;51;20;0
06;07;45;0;34;18;0
06;08;00;0;41;18;0
06;08;15;0;39;20;0
06;08;30;0;41;18;0
06;08;45;0;49;19;0
06;09;00;0;56;17;0
06;09;15;0;59;20;0
06;09;30;0;305;18;0
06;09;45;0;296;20;0
06;10;00;0;400;17;0
06;10;15;0;270;19;0
06;10;30;10;555;19;0
06;10;45;0;670;22;0
06;11;00;10;246;29;0
06;11;15;0;119;28;0
06;11;30;9;120;26;0
06;11;45;0;120;29;0
06;12;00;12;119;29;0
06;12;15;0;107;28;0
06;12;30;10;109;28;0
06;12;45;0;109;28;0
06;13;00;10;131;28;0
06;13;15;0;105;29;0
06;13;30;9;109;28;0
06;13;45;0;111;27;0
06;14;00;0;190;28;0
06;14;15;0;184;30;0
06;14;30;9.999999999;112;30;0
06;14;45;0;104;26;0
06;15;00;0;110;25;0
06;15;15;0;129;23;0
06;15;30;0;561;21;0
06;15;45;0;480;18;0
06;16;00;0;459;19;0
06;16;15;0;451;20;0
06;16;30;0;545;21;0
06;16;45;0;510;19;0
06;17;00;0;395;19;0
06;17;15;0;415;17;0
06;17;30;0;380;17;0
06;17;45;0;405;19;0
06;18;00;0;395;18;0
06;18;15;0;764;19;0
06;18;30;0;646;19;0
06;18;45;0;440;19;0
06;19;00;0;505;20;0
06;19;15;0;620;19;0
06;19;30;0;425;19;0
06;19;45;0;380;19;0
06;20;00;0;559;19;0
06;20;15;0;441;18;0
06;20;30;0;276;19;0
06;20;45;0;234;19;0
06;21;00;0;339;18;0
06;21;15;0;291;20;0
06;21;30;0;290;18;0
06;21;45;0;400;20;0
06;22;00;0;300;18;0
06;22;15;0;296;19;0
06;22;30;0;324;20;0
06;22;45;0;310;18;0
06;23;00;0;385;21;0
06;23;15;0;705;18;0
06;23;30;0;630;18;0
06;23;45;0;499;19;0
07;00;00;0;271;19;0
07;00;15;0;215;19;0
07;00;30;0;250;19;0
07;00;45;0;179;19;0
07;01;00;0;296;19;0
07;01;15;0;204;21;0
07;01;30;0;211;22;0
07;01;45;0;194;20;0
07;02;00;0;201;19;0
07;02;15;0;185;20;0
07;02;30;0;195;116;0
07;02;45;0;451;341;0
07;03;00;0;318;264;0
07;03;15;0;110;101;0
07;03;30;0;486;405;0
07;03;45;0;95;21;0
07;04;00;0;59;19;0
07;04;15;0;56;20;0
07;04;30;0;55;20;0
07;04;45;0;54;20;0
07;05;00;0;66;20;0
07;05;15;0;70;20;0
07;05;30;0;65;20;0
07;05;45;0;60;22;0
07;06;00;0;55;19;0
07;06;15;0;50;18;0
07;06;30;0;49;20;0
07;06;45;0;66;18;0
07;07;00;0;65;20;0
07;07;15;0;65;19;0
07;07;30;0;54;19;0
07;07;45;0;56;19;0
07;08;00;0;51;19;0
07;08;15;0;68;18;0
07;08;30;0;91;20;0
07;08;45;0;91;20;0
07;09;00;0;89;19;0
07;09;15;0;129;19;0
07;09;30;0;141;19;0
07;09;45;0;150;18;0
07;10;00;0;139;18;0
07;10;15;0;186;21;0
07;10;30;0;205;17;0
07;10;45;0;104;20;0
07;11;00;0;96;18;0
07;11;15;0;120;19;0
07;11;30;10;119;19;0
07;11;45;0;131;20;0
07;12;00;10;95;18;0
07;12;15;0;70;20;0
07;12;30;5;70;18;0
07;12;45;5;49;20;0
07;13;00;0;51;19;0
07;13;15;0;39;19;0
07;13;30;9;51;20;0
07;13;45;0;65;18;0
07;14;00;0;190;20;0
07;14;15;0;90;23;0
07;14;30;12;84;20;0
07;14;45;0;61;18;0
07;15;00;0;70;21;0
07;15;15;0;80;21;0
07;15;30;0;100;22;0
07;15;45;0;165;18;0
07;16;00;0;150;20;0
07;16;15;0;150;21;0
07;16;30;0;131;23;0
07;16;45;0;139;16;0
07;17;00;0;414;21;0
07;17;15;0;616;16;0
07;17;30;0;381;20;0
07;17;45;0;228;18;0
07;18;00;0;152;17;0
07;18;15;0;184;18;0
07;18;30;0;275;19;0
07;18;45;0;285;18;0
07;19;00;0;290;19;0
07;19;15;0;315;20;0
07;19;30;0;460;18;0
07;19;45;0;500;18;0
07;20;00;0;744;19;0
07;20;15;0;341;18;0
07;20;30;0;260;20;0
07;20;45;0;327;19;0
07;21;00;0;333;19;0
07;21;15;0;405;19;0
07;21;30;0;430;20;0
07;21;45;0;240;20;0
07;22;00;0;220;18;0
07;22;15;0;200;20;0
07;22;30;0;274;18;0
07;22;45;0;250;20;0
07;23;00;0;241;19;0
07;23;15;0;230;19;0
07;23;30;0;235;19;0
07;23;45;0;515;18;0
08;00;00;0;316;18;0
08;00;15;0;209;20;0
08;00;30;0;200;17;0
08;00;45;0;200;20;0
08;01;00;0;141;18;0
08;01;15;0;138;21;0
08;01;30;0;151;21;0
08;01;45;0;150;20;0
08;02;00;0;150;18;0
08;02;15;0;161;19;0
08;02;30;0;138;19;0
08;02;45;0;141;18;0
08;03;00;0;130;19;0
08;03;15;0;139;22;0
08;03;30;0;141;21;0
08;03;45;0;130;19;0
08;04;00;0;130;20;0
08;04;15;0;120;17;0
08;04;30;0;120;20;0
08;04;45;0;121;19;0
08;05;00;0;119;19;0
08;05;15;0;134;19;0
08;05;30;0;102;19;0
08;05;45;0;274;22;0
08;06;00;0;56;21;0
08;06;15;0;68;17;0
08;06;30;0;271;20;0
08;06;45;0;75;17;0
08;07;00;0;74;19;0
08;07;15;0;75;20;0
08;07;30;0;66;18;0
08;07;45;0;55;19;0
08;08;00;0;54;18;0
08;08;15;0;60;19;0
08;08;30;0;111;20;0
08;08;45;0;144;18;0
08;09;00;0;236;19;0
08;09;15;0;375;19;0
08;09;30;0;80;17;0
08;09;45;0;80;20;0
08;10;00;0;170;19;0
08;10;15;0;261;18;0
08;10;30;0;659;18;0
08;10;45;0;265;19;0
08;11;00;0;379;19;0
08;11;15;0;271;20;0
08;11;30;0;469;19;0
08;11;45;0;416;18;0
08;12;00;0;345;18;0
08;12;15;0;690;18;0
08;12;30;0;325;19;0
08;12;45;0;100;20;0
08;13;00;0;180;19;0
08;13;15;0;140;18;0
08;13;30;0;210;20;0
08;13;45;0;245;146;0
08;14;00;0;474;363;0
08;14;15;0;750;175;0
08;14;30;0;630;129;0
08;14;45;0;511;465;0
08;15;00;0;106;37;0
08;15;15;0;143;21;0
08;15;30;0;170;22;0
08;15;45;0;141;17;0
08;16;00;0;120;19;0
08;16;15;0;144;20;0
08;16;30;0;156;21;0
08;16;45;0;155;20;0
08;17;00;0;145;18;0
08;17;15;0;165;18;0
08;17;30;0;224;18;0
08;17;45;0;231;20;0
08;18;00;0;469;16;0
08;18;15;0;636;18;0
08;18;30;0;500;19;0
08;18;45;0;426;19;0
08;19;00;0;489;19;0
08;19;15;0;345;19;0
08;19;30;0;335;17;0
08;19;45;0;615;19;0
08;20;00;0;649;19;0
08;20;15;0;601;19;0
08;20;30;0;515;19;0
08;20;45;0;420;18;0
08;21;00;0;405;18;0
08;21;15;0;390;21;0
08;21;30;0;317;17;0
08;21;45;0;330;19;0
08;22;00;0;293;19;0
08;22;15;0;310;19;0
08;22;30;0;310;18;0
08;22;45;0;319;20;0
08;23;00;0;260;17;0
08;23;15;0;250;20;0
08;23;30;0;206;18;0
08;23;45;0;160;16;0
09;00;00;0;150;19;0
09;00;15;0;160;18;0
09;00;30;0;140;18;0
09;00;45;0;140;17;0
09;01;00;0;151;19;0
09;01;15;0;138;20;0
09;01;30;0;160;21;0
09;01;45;0;151;19;0
09;02;00;0;150;18;0
09;02;15;0;140;20;0
09;02;30;0;130;17;0
09;02;45;0;104;19;0
09;03;00;0;116;18;0
09;03;15;0;115;21;0
09;03;30;0;55;22;0
09;03;45;0;44;18;0
09;04;00;0;46;19;0
09;04;15;0;44;18;0
09;04;30;0;51;18;0
09;04;45;0;56;19;0
09;05;00;0;53;19;0
09;05;15;0;41;18;0
09;05;30;0;49;21;0
09;05;45;0;41;20;0
09;06;00;0;65;19;0
09;06;15;0;320;17;0
09;06;30;0;261;17;0
09;06;45;0;213;19;0
09;07;00;0;196;18;0
09;07;15;0;190;20;0
09;07;30;0;129;18;0
09;07;45;0;56;17;0
09;08;00;0;51;20;0
09;08;15;0;48;18;0
09;08;30;0;41;18;0
09;08;45;0;39;19;0
09;09;00;0;46;20;0
09;09;15;0;54;18;0
09;09;30;0;51;20;0
09;09;45;0;51;17;0
09;10;00;0;44;19;0
09;10;15;0;41;20;0
09;10;30;0;44;18;0
09;10;45;0;45;18;0
09;11;00;0;54;18;0
09;11;15;0;51;18;0
09;11;30;0;39;19;0
09;11;45;0;46;17;0
09;12;00;0;39;18;0
09;12;15;0;165;19;0
09;12;30;0;85;19;0
09;12;45;0;85;17;0
09;13;00;0;86;19;0
09;13;15;0;84;19;0
09;13;30;0;106;18;0
09;13;45;0;80;19;0
09;14;00;0;100;19;0
09;14;15;0;109;20;0
09;14;30;0;92;22;0
09;14;45;0;99;17;0
09;15;00;0;100;19;0
09;15;15;0;90;21;0
09;15;30;0;95;23;0
09;15;45;0;95;18;0
09;16;00;0;85;18;0
09;16;15;0;126;22;0
09;16;30;0;184;22;0
09;16;45;0;220;18;0
09;17;00;0;210;18;0
09;17;15;0;230;19;0
09;17;30;0;276;18;0
09;17;45;0;249;20;0
09;18;00;0;210;17;0
09;18;15;0;210;17;0
09;18;30;0;230;20;0
09;18;45;0;245;17;0
09;19;00;0;255;18;0
09;19;15;0;240;20;0
09;19;30;0;170;17;0
09;19;45;0;170;20;0
09;20;00;0;180;18;0
09;20;15;0;279;18;0
09;20;30;0;386;19;0
09;20;45;0;665;17;0
09;21;00;0;150;20;0
09;21;15;0;129;17;0
09;21;30;0;216;19;0
09;21;45;0;310;19;0
09;22;00;0;280;19;0
09;22;15;0;279;19;0
09;22;30;0;277;19;0
09;22;45;0;199;18;0
09;23;00;0;189;20;0
09;23;15;0;180;19;0
09;23;30;0;182;17;0
09;23;45;0;179;19;0
10;00;00;0;139;18;0
10;00;15;0;111;16;0
10;00;30;0;60;19;0
10;00;45;0;55;17;0
10;01;00;0;65;18;0
10;01;15;0;65;21;0
10;01;30;0;71;20;0
10;01;45;0;49;18;0
10;02;00;0;60;18;0
10;02;15;0;61;19;0
10;02;30;0;68;17;0
10;02;45;0;70;19;0
10;03;00;0;71;18;0
10;03;15;0;55;21;0
10;03;30;0;54;21;0
10;03;45;0;51;19;0
10;04;00;0;55;18;0
10;04;15;0;59;19;0
10;04;30;0;65;17;0
10;04;45;0;166;17;0
10;05;00;0;230;20;0
10;05;15;0;141;18;0
10;05;30;0;89;20;0
10;05;45;0;59;21;0
10;06;00;0;56;21;0
10;06;15;0;50;19;0
10;06;30;0;166;17;0
10;06;45;0;75;19;0
10;07;00;0;109;16;0
10;07;15;0;95;19;0
10;07;30;0;80;19;0
10;07;45;0;100;16;0
10;08;00;0;70;21;0
10;08;15;0;85;17;0
10;08;30;0;34;18;0
10;08;45;0;46;19;0
10;09;00;0;51;19;0
10;09;15;0;48;18;0
10;09;30;0;41;18;0
10;09;45;0;40;19;0
10;10;00;0;41;20;0
10;10;15;0;34;18;0
10;10;30;0;46;18;0
10;10;45;0;48;18;0
10;11;00;0;41;18;0
10;11;15;0;40;19;0
10;11;30;0;41;18;0
10;11;45;0;29;18;0
10;12;00;0;45;18;0
10;12;15;0;50;20;0
10;12;30;0;50;18;0
10;12;45;0;39;19;0
10;13;00;0;37;18;0
10;13;15;0;39;19;0
10;13;30;0;41;19;0
10;13;45;0;48;18;0
10;14;00;0;61;19;0
10;14;15;0;70;22;0
10;14;30;0;59;21;0
10;14;45;0;51;19;0
10;15;00;0;41;20;0
10;15;15;0;49;21;0
10;15;30;0;55;23;0
10;15;45;0;49;20;0
10;16;00;0;46;21;0
10;16;15;0;65;20;0
10;16;30;0;80;23;0
10;16;45;0;105;19;0
10;17;00;0;114;19;0
10;17;15;0;131;20;0
10;17;30;0;270;19;0
10;17;45;0;465;19;0
10;18;00;0;504;19;0
10;18;15;0;616;16;0
10;18;30;0;485;19;0
10;18;45;0;130;19;0
10;19;00;0;149;19;0
10;19;15;0;181;18;0
10;19;30;0;185;21;0
10;19;45;0;185;18;0
10;20;00;0;170;18;0
10;20;15;0;235;19;0
10;20;30;0;284;20;0
10;20;45;0;236;18;0
10;21;00;0;245;19;0
10;21;15;0;250;18;0
10;21;30;0;250;18;0
10;21;45;0;230;20;0
10;22;00;0;190;17;0
10;22;15;0;189;20;0
10;22;30;0;211;18;0
10;22;45;0;180;18;0
10;23;00;0;109;20;0
10;23;15;0;376;376;0
10;23;30;0;220;165;0
10;23;45;0;239;236;0
11;00;00;0;410;397;0
11;00;15;0;51;20;0
11;00;30;0;49;18;0
11;00;45;0;51;18;0
11;01;00;0;45;18;0
11;01;15;0;64;21;0
11;01;30;0;61;23;0
11;01;45;0;60;19;0
11;02;00;0;54;18;0
11;02;15;0;56;19;0
11;02;30;0;55;20;0
11;02;45;0;66;17;0
11;03;00;0;63;20;0
11;03;15;0;71;21;0
11;03;30;0;60;22;0
11;03;45;0;56;18;0
11;04;00;0;49;19;0
11;04;15;0;45;20;0
11;04;30;0;54;18;0
11;04;45;0;61;18;0
11;05;00;0;50;19;0
11;05;15;0;49;20;0
11;05;30;0;46;20;0
11;05;45;0;49;21;0
11;06;00;0;51;18;0
11;06;15;0;55;20;0
11;06;30;0;330;18;0
11;06;45;0;260;18;0
11;07;00;0;204;18;0
11;07;15;0;111;19;0
11;07;30;0;144;18;0
11;07;45;0;186;19;0
11;08;00;0;170;18;0
11;08;15;0;139;19;0
11;08;30;0;126;17;0
11;08;45;0;76;19;0
11;09;00;0;53;19;0
11;09;15;0;41;18;0
11;09;30;0;49;20;0
11;09;45;0;51;18;0
11;10;00;0;39;18;0
11;10;15;10;31;19;0
11;10;30;0;34;20;0
11;10;45;0;37;18;0
11;11;00;0;44;18;0
11;11;15;10;45;18;0
11;11;30;0;124;18;0
11;11;45;0;66;18;0
11;12;00;0;56;18;0
11;12;15;9;34;19;0
11;12;30;0;46;18;0
11;12;45;0;303;19;0
11;13;00;0;455;19;0
11;13;15;0;286;18;0
11;13;30;0;65;19;0
11;13;45;9.999999999;160;18;0
11;14;00;0;70;18;0
11;14;15;0;90;24;0
11;14;30;10;115;24;0
11;14;45;0;86;17;0
11;15;00;0;88;20;0
11;15;15;0;95;21;0
11;15;30;0;108;22;0
11;15;45;0;408;326;0
11;16;00;0;205;120;0
11;16;15;0;525;316;0
11;16;30;0;510;335;0
11;16;45;0;314;106;0
11;17;00;0;246;20;0
11;17;15;0;235;19;0
11;17;30;0;260;19;0
11;17;45;0;255;19;0
11;18;00;0;240;18;0
11;18;15;0;240;19;0
11;18;30;0;230;19;0
11;18;45;0;161;19;0
11;19;00;0;194;19;0
11;19;15;0;245;18;0
11;19;30;0;240;20;0
11;19;45;0;235;19;0
11;20;00;0;240;20;0
11;20;15;0;290;18;0
11;20;30;0;345;20;0
11;20;45;0;354;17;0
11;21;00;0;341;19;0
11;21;15;0;255;20;0
11;21;30;0;220;18;0
11;21;45;0;230;19;0
11;22;00;0;240;18;0
11;22;15;0;255;19;0
11;22;30;0;270;18;0
11;22;45;0;245;20;0
11;23;00;0;245;17;0
11;23;15;0;250;19;0
11;23;30;0;245;8;0
11;23;45;0;245;1;0
12;00;00;0;475;288;0
12;00;15;0;250;126;0
12;00;30;0;465;309;0
12;00;45;0;485;324;0
12;01;00;0;220;106;0
12;01;15;0;80;19;0
12;01;30;0;54;20;0
12;01;45;0;46;19;0
12;02;00;0;49;17;0
12;02;15;0;56;18;0
12;02;30;0;60;18;0
12;02;45;0;65;18;0
12;03;00;0;55;17;0
12;03;15;0;41;20;0
12;03;30;0;48;22;0
12;03;45;0;41;16;0
12;04;00;0;54;19;0
12;04;15;0;56;19;0
12;04;30;0;51;17;0
12;04;45;0;39;18;0
12;05;00;0;46;18;0
12;05;15;0;43;17;0
12;05;30;0;51;21;0
12;05;45;0;54;19;0
12;06;00;0;56;19;0
12;06;15;0;41;17;0
12;06;30;0;394;19;0
12;06;45;0;370;17;0
12;07;00;0;230;19;0
12;07;15;0;205;19;0
12;07;30;0;145;17;0
12;07;45;0;129;19;0
12;08;00;0;151;19;0
12;08;15;0;140;18;0
12;08;30;0;139;19;0
12;08;45;0;141;17;0
12;09;00;10;140;18;0
12;09;15;9;114;19;0
12;09;30;22;110;18;0
12;09;45;29;101;20;0
12;10;00;25;95;18;0
12;10;15;36;130;20;0
12;10;30;52;409;19;0
12;10;45;77;240;18;0
12;11;00;95;197;19;0
12;11;15;101;78;19;0
12;11;30;119;0;18;14
12;11;45;100;12;19;5
12;12;00;94;109;18;0
12;12;15;80;70;19;0
12;12;30;85;54;19;0
12;12;45;66;85;17;0
12;13;00;60;101;20;0
12;13;15;71;81;17;0
12;13;30;64;63;19;0
12;13;45;55;70;19;0
12;14;00;57;85;18;0
12;14;15;54;51;21;0
12;14;30;49;39;20;0
12;14;45;46;102;19;0
12;15;00;24;63;18;0
12;15;15;30;75;22;0
12;15;30;31;51;21;0
12;15;45;14;61;19;0
12;16;00;15;63;19;0
12;16;15;10;101;21;0
12;16;30;0;139;19;0
12;16;45;0;151;20;0
12;17;00;0;140;18;0
12;17;15;0;161;20;0
12;17;30;0;148;17;0
12;17;45;0;141;20;0
12;18;00;0;140;17;0
12;18;15;0;150;20;0
12;18;30;0;139;19;0
12;18;45;0;516;18;0
12;19;00;0;971;19;0
12;19;15;0;614;20;0
12;19;30;0;340;18;0
12;19;45;0;665;251;0
12;20;00;0;569;153;0
12;20;15;0;606;304;0
12;20;30;0;565;344;0
12;20;45;0;414;167;0
12;21;00;0;276;18;0
12;21;15;0;270;19;0
12;21;30;0;319;19;0
12;21;45;0;290;20;0
12;22;00;0;287;19;0
12;22;15;0;258;19;0
12;22;30;0;251;19;0
12;22;45;0;235;20;0
12;23;00;0;245;20;0
12;23;15;0;365;18;0
12;23;30;0;270;8;0
12;23;45;0;235;4;0
13;00;00;0;205;11;0
13;00;15;0;200;17;0
13;00;30;0;195;17;0
13;00;45;0;150;17;0
13;01;00;0;90;18;0
13;01;15;0;51;21;0
13;01;30;0;43;21;0
13;01;45;0;41;19;0
13;02;00;0;40;17;0
13;02;15;0;50;19;0
13;02;30;0;54;16;0
13;02;45;0;56;20;0
13;03;00;0;60;18;0
13;03;15;0;49;21;0
13;03;30;0;41;21;0
13;03;45;0;49;19;0
13;04;00;0;51;17;0
13;04;15;0;50;18;0
13;04;30;0;40;20;0
13;04;45;0;41;17;0
13;05;00;0;39;18;0
13;05;15;0;46;18;0
13;05;30;0;53;22;0
13;05;45;0;56;21;0
13;06;00;0;39;18;0
13;06;15;0;41;19;0
13;06;30;0;175;19;0
13;06;45;0;245;18;0
13;07;00;0;269;18;0
13;07;15;0;151;17;0
13;07;30;0;109;19;0
13;07;45;0;112;19;0
13;08;00;0;138;16;0
13;08;15;0;112;19;0
13;08;30;0;99;19;0
13;08;45;10;100;19;0
13;09;00;21;75;18;0
13;09;15;39;34;19;0
13;09;30;39;66;19;0
13;09;45;22;235;18;0
13;10;00;29;391;20;0
13;10;15;46;94;18;0
13;10;30;75;49;19;0
13;10;45;39;80;17;0
13;11;00;39;96;20;0
13;11;15;75;74;18;0
13;11;30;136;51;21;36
13;11;45;275;10;21;136
13;12;00;140;19;27;24
13;12;15;100;36;27;25
13;12;30;46;60;21;0
13;12;45;10;84;20;0
13;13;00;0;396;19;0
13;13;15;0;440;18;0
13;13;30;65;115;22;0
13;13;45;129;34;31;41
13;14;00;24;131;22;0
13;14;15;0;135;22;0
13;14;30;0;165;23;0
13;14;45;0;115;16;0
13;15;00;0;85;19;0
13;15;15;0;90;23;0
13;15;30;12;85;22;0
13;15;45;0;85;18;0
13;16;00;0;99;19;0
13;16;15;0;180;22;0
13;16;30;0;181;21;0
13;16;45;0;205;18;0
13;17;00;0;439;17;0
13;17;15;0;576;19;0
13;17;30;0;520;19;0
13;17;45;0;319;18;0
13;18;00;0;250;19;0
13;18;15;0;180;18;0
13;18;30;0;160;19;0
13;18;45;0;170;18;0
13;19;00;0;170;18;0
13;19;15;0;181;21;0
13;19;30;0;180;19;0
13;19;45;0;161;17;0
13;20;00;0;423;20;0
13;20;15;0;790;17;0
13;20;30;0;451;20;0
13;20;45;0;480;18;0
13;21;00;0;420;19;0
13;21;15;0;275;73;0
13;21;30;0;600;374;0
13;21;45;0;338;119;0
13;22;00;0;552;303;0
13;22;15;0;815;305;0
13;22;30;0;515;177;0
13;22;45;0;394;20;0
13;23;00;0;325;18;0
13;23;15;0;191;21;0
13;23;30;0;200;16;0
13;23;45;0;204;19;0
14;00;00;0;250;17;0
14;00;15;0;211;18;0
14;00;30;0;209;17;0
14;00;45;0;191;18;0
14;01;00;0;166;18;0
14;01;15;0;153;20;0
14;01;30;0;116;21;0
14;01;45;0;109;18;0
14;02;00;0;117;18;0
14;02;15;0;104;17;0
14;02;30;0;90;20;0
14;02;45;0;90;16;0
14;03;00;0;85;19;0
14;03;15;0;90;21;0
14;03;30;0;94;22;0
14;03;45;0;95;18;0
14;04;00;0;90;18;0
14;04;15;0;86;19;0
14;04;30;0;79;19;0
14;04;45;0;85;17;0
14;05;00;0;86;20;0
14;05;15;0;96;18;0
14;05;30;0;94;20;0
14;05;45;0;90;21;0
14;06;00;0;80;18;0
14;06;15;0;66;19;0
14;06;30;0;48;19;0
14;06;45;0;61;20;0
14;07;00;0;65;18;0
14;07;15;0;64;19;0
14;07;30;0;51;18;0
14;07;45;0;50;20;0
14;08;00;0;49;19;0
14;08;15;0;56;18;0
14;08;30;0;109;19;0
14;08;45;0;139;19;0
14;09;00;0;272;18;0
14;09;15;0;121;20;0
14;09;30;0;124;19;0
14;09;45;0;179;19;0
14;10;00;10;226;18;0
14;10;15;0;235;21;0
14;10;30;0;209;17;0
14;10;45;0;206;19;0
14;11;00;0;180;19;0
14;11;15;10;160;19;0
14;11;30;0;119;19;0
14;11;45;9;85;17;0
14;12;00;0;80;20;0
14;12;15;9.999999999;90;17;0
14;12;30;0;85;20;0
14;12;45;10;155;17;0
14;13;00;10;71;18;0
14;13;15;0;225;20;0
14;13;30;9;395;19;0
14;13;45;12;380;18;0
14;14;00;0;470;19;0
14;14;15;5;134;22;0
14;14;30;5;116;21;0
14;14;45;5.999999999;115;18;0
14;15;00;4.000000001;160;19;0
14;15;15;0;150;22;0
14;15;30;0;129;22;0
14;15;45;0;165;19;0
14;16;00;0;160;20;0
14;16;15;0;146;21;0
14;16;30;0;150;23;0
14;16;45;0;140;19;0
14;17;00;0;190;18;0
14;17;15;0;400;18;0
14;17;30;0;182;19;0
14;17;45;0;127;18;0
14;18;00;0;186;20;0
14;18;15;0;239;16;0
14;18;30;0;235;18;0
14;18;45;0;255;18;0
14;19;00;0;255;19;0
14;19;15;0;250;18;0
14;19;30;0;306;19;0
14;19;45;0;330;18;0
14;20;00;0;240;19;0
14;20;15;0;250;18;0
14;20;30;0;300;18;0
14;20;45;0;290;19;0
14;21;00;0;289;17;0
14;21;15;0;255;20;0
14;21;30;0;191;19;0
14;21;45;0;180;19;0
14;22;00;0;190;19;0
14;22;15;0;200;19;0
14;22;30;0;224;17;0
14;22;45;0;260;20;0
14;23;00;0;261;17;0
14;23;15;0;215;19;0
14;23;30;0;195;17;0
14;23;45;0;215;17;0
15;00;00;0;189;17;0
15;00;15;0;107;17;0
15;00;30;0;84;18;0
15;00;45;0;91;18;0
15;01;00;0;84;18;0
15;01;15;0;85;20;0
15;01;30;0;70;21;0
15;01;45;0;59;18;0
15;02;00;0;61;19;0
15;02;15;0;50;18;0
15;02;30;0;45;18;0
15;02;45;0;50;19;0
15;03;00;0;49;17;0
15;03;15;0;51;21;0
15;03;30;0;61;22;0
15;03;45;0;39;18;0
15;04;00;0;44;19;0
15;04;15;0;36;18;0
15;04;30;0;41;19;0
15;04;45;0;53;18;0
15;05;00;0;56;20;0
15;05;15;0;95;15;0
15;05;30;0;75;21;0
15;05;45;0;39;22;0
15;06;00;0;41;20;0
15;06;15;0;39;18;0
15;06;30;0;96;20;0
15;06;45;0;74;18;0
15;07;00;0;51;18;0
15;07;15;0;34;19;0
15;07;30;0;56;18;0
15;07;45;0;65;19;0
15;08;00;0;160;18;0
15;08;15;0;80;18;0
15;08;30;0;76;19;0
15;08;45;0;58;19;0
15;09;00;0;70;19;0
15;09;15;0;265;20;0
15;09;30;0;101;17;0
15;09;45;9;160;20;0
15;10;00;0;120;19;0
15;10;15;9.999999999;109;20;0
15;10;30;0;90;19;0
15;10;45;10;85;19;0
15;11;00;10;85;19;0
15;11;15;9;90;19;0
15;11;30;12;91;19;0
15;11;45;10;100;19;0
15;12;00;10;90;16;0
15;12;15;14;114;19;0
15;12;30;15;116;19;0
15;12;45;0;120;19;0
15;13;00;10;300;19;0
15;13;15;10;290;18;0
15;13;30;0;131;19;0
15;13;45;0;148;18;0
15;14;00;0;121;20;0
15;14;15;9;215;20;0
15;14;30;0;117;20;0
15;14;45;0;183;20;0
15;15;00;0;264;17;0
15;15;15;0;330;22;0
15;15;30;0;350;21;0
15;15;45;0;120;23;0
15;16;00;0;441;393;0
15;16;15;0;500;225;0
15;16;30;0;280;222;0
15;16;45;0;540;386;0
15;17;00;0;265;18;0
15;17;15;0;280;19;0
15;17;30;0;385;19;0
15;17;45;0;170;18;0
15;18;00;0;169;19;0
15;18;15;0;221;17;0
15;18;30;0;180;19;0
15;18;45;0;189;20;0
15;19;00;0;226;17;0
15;19;15;0;274;19;0
15;19;30;0;276;19;0
15;19;45;0;320;20;0
15;20;00;0;335;18;0
15;20;15;0;380;20;0
15;20;30;0;359;17;0
15;20;45;0;346;21;0
15;21;00;0;266;17;0
15;21;15;0;264;20;0
15;21;30;0;209;19;0
15;21;45;0;216;18;0
15;22;00;0;274;20;0
15;22;15;0;255;19;0
15;22;30;0;160;17;0
15;22;45;0;131;20;0
15;23;00;0;95;20;0
15;23;15;0;90;18;0
15;23;30;0;95;18;0
15;23;45;0;170;18;0
16;00;00;0;60;18;0
16;00;15;0;56;19;0
16;00;30;0;71;18;0
16;00;45;0;63;20;0
16;01;00;0;62;19;0
16;01;15;0;54;21;0
16;01;30;0;63;22;0
16;01;45;0;46;18;0
16;02;00;0;49;20;0
16;02;15;0;60;17;0
16;02;30;0;51;20;0
16;02;45;0;49;20;0
16;03;00;0;51;18;0
16;03;15;0;65;21;0
16;03;30;0;49;22;0
16;03;45;0;51;18;0
16;04;00;0;56;20;0
16;04;15;0;53;20;0
16;04;30;0;46;18;0
16;04;45;0;55;20;0
16;05;00;0;59;17;0
16;05;15;0;46;17;0
16;05;30;0;49;22;0
16;05;45;0;61;20;0
16;06;00;0;55;21;0
16;06;15;0;110;19;0
16;06;30;0;330;17;0
16;06;45;0;140;19;0
16;07;00;0;219;19;0
16;07;15;0;151;19;0
16;07;30;0;75;17;0
16;07;45;0;39;19;0
16;08;00;0;41;19;0
16;08;15;0;39;18;0
16;08;30;0;47;19;0
16;08;45;0;33;20;0
16;09;00;0;41;18;0
16;09;15;0;49;19;0
16;09;30;0;41;19;0
16;09;45;0;39;19;0
16;10;00;0;41;19;0
16;10;15;0;51;19;0
16;10;30;0;34;19;0
16;10;45;0;39;18;0
16;11;00;0;51;19;0
16;11;15;0;34;20;0
16;11;30;0;31;18;0
16;11;45;12;44;17;0
16;12;00;0;126;20;0
16;12;15;0;61;18;0
16;12;30;10;68;20;0
16;12;45;0;90;18;0
16;13;00;0;191;18;0
16;13;15;0;425;19;0
16;13;30;0;165;19;0
16;13;45;0;61;19;0
16;14;00;0;74;20;0
16;14;15;0;110;20;0
16;14;30;0;110;21;0
16;14;45;10;120;19;0
16;15;00;0;125;18;0
16;15;15;0;135;22;0
16;15;30;0;139;21;0
16;15;45;0;151;19;0
16;16;00;0;160;18;0
16;16;15;0;160;21;0
16;16;30;0;150;22;0
16;16;45;0;160;20;0
16;17;00;0;180;17;0
16;17;15;0;190;19;0
16;17;30;0;259;18;0
16;17;45;0;286;18;0
16;18;00;0;280;18;0
16;18;15;0;200;16;0
16;18;30;0;229;19;0
16;18;45;0;260;18;0
16;19;00;0;146;19;0
16;19;15;0;145;18;0
16;19;30;0;145;19;0
16;19;45;0;239;18;0
16;20;00;0;141;19;0
16;20;15;0;174;18;0
16;20;30;0;241;18;0
16;20;45;0;245;18;0
16;21;00;0;255;19;0
16;21;15;0;245;17;0
16;21;30;0;194;20;0
16;21;45;0;187;18;0
16;22;00;0;179;19;0
16;22;15;0;258;18;0
16;22;30;0;217;20;0
16;22;45;0;215;17;0
16;23;00;0;199;19;0
16;23;15;0;191;20;0
16;23;30;0;185;18;0
16;23;45;0;180;18;0
17;00;00;0;174;16;0
17;00;15;0;130;19;0
17;00;30;0;55;19;0
17;00;45;0;51;17;0
17;01;00;0;39;19;0
17;01;15;0;56;20;0
17;01;30;0;60;22;0
17;01;45;0;44;19;0
17;02;00;0;56;18;0
17;02;15;0;65;19;0
17;02;30;0;61;18;0
17;02;45;0;53;20;0
17;03;00;0;51;18;0
17;03;15;0;54;20;0
17;03;30;0;56;23;0
17;03;45;0;45;18;0
17;04;00;0;54;19;0
17;04;15;0;51;18;0
17;04;30;0;44;20;0
17;04;45;0;56;17;0
17;05;00;0;65;19;0
17;05;15;0;51;18;0
17;05;30;0;49;20;0
17;05;45;0;65;22;0
17;06;00;0;56;18;0
17;06;15;0;53;20;0
17;06;30;0;180;18;0
17;06;45;0;250;18;0
17;07;00;0;201;18;0
17;07;15;0;140;18;0
17;07;30;0;130;19;0
17;07;45;0;80;18;0
17;08;00;0;170;18;0
17;08;15;0;46;20;0
17;08;30;0;44;20;0
17;08;45;0;36;18;0
17;09;00;0;34;19;0
17;09;15;0;44;18;0
17;09;30;0;181;20;0
17;09;45;0;229;18;0
17;10;00;0;41;19;0
17;10;15;0;240;19;0
17;10;30;0;100;19;0
17;10;45;0;34;20;0
17;11;00;0;46;19;0
17;11;15;9;39;24;0
17;11;30;0;31;26;0
17;11;45;0;44;25;0
17;12;00;9.999999999;46;26;0
17;12;15;0;39;26;0
17;12;30;10;36;25;0
17;12;45;0;51;26;0
17;13;00;0;134;27;0
17;13;15;10;160;25;0
17;13;30;0;369;27;0
17;13;45;0;51;28;0
17;14;00;9;39;26;0
17;14;15;0;51;28;0
17;14;30;0;139;29;0
17;14;45;0;310;17;0
17;15;00;0;70;18;0
17;15;15;0;146;20;0
17;15;30;0;90;22;0
17;15;45;0;85;18;0
17;16;00;0;65;18;0
17;16;15;0;85;21;0
17;16;30;0;70;22;0
17;16;45;0;85;17;0
17;17;00;0;200;19;0
17;17;15;0;210;18;0
17;17;30;0;195;17;0
17;17;45;0;240;18;0
17;18;00;0;300;18;0
17;18;15;0;255;17;0
17;18;30;0;229;19;0
17;18;45;0;366;18;0
17;19;00;0;299;18;0
17;19;15;0;261;17;0
17;19;30;0;205;19;0
17;19;45;0;215;19;0
17;20;00;0;225;19;0
17;20;15;0;245;17;0
17;20;30;0;264;19;0
17;20;45;0;255;17;0
17;21;00;0;240;18;0
17;21;15;0;246;19;0
17;21;30;0;225;18;0
17;21;45;0;255;19;0
17;22;00;0;255;18;0
17;22;15;0;220;19;0
17;22;30;0;384;19;0
17;22;45;0;216;18;0
17;23;00;0;195;19;0
17;23;15;0;189;18;0
17;23;30;0;171;18;0
17;23;45;0;140;18;0
18;00;00;0;135;17;0
18;00;15;0;124;19;0
18;00;30;0;121;18;0
18;00;45;0;139;19;0
18;01;00;0;126;18;0
18;01;15;0;124;22;0
18;01;30;0;131;20;0
18;01;45;0;141;19;0
18;02;00;0;119;19;0
18;02;15;0;120;18;0
18;02;30;0;125;20;0
18;02;45;0;45;19;0
18;03;00;0;45;18;0
18;03;15;0;50;22;0
18;03;30;0;49;21;0
18;03;45;0;41;18;0
18;04;00;0;34;20;0
18;04;15;0;46;18;0
18;04;30;0;39;19;0
18;04;45;0;32;20;0
18;05;00;0;39;17;0
18;05;15;0;46;18;0
18;05;30;0;34;20;0
18;05;45;0;39;22;0
18;06;00;0;41;20;0
18;06;15;0;39;19;0
18;06;30;0;235;18;0
18;06;45;0;151;18;0
18;07;00;0;189;17;0
18;07;15;0;340;18;0
18;07;30;0;160;19;0
18;07;45;0;160;19;0
18;08;00;0;231;16;0
18;08;15;0;131;20;0
18;08;30;0;104;19;0
18;08;45;0;66;18;0
18;09;00;0;53;20;0
18;09;15;0;56;19;0
18;09;30;0;65;19;0
18;09;45;0;59;18;0
18;10;00;0;56;19;0
18;10;15;0;55;19;0
18;10;30;0;71;20;0
18;10;45;0;48;19;0
18;11;00;0;56;19;0
18;11;15;0;61;20;0
18;11;30;0;58;17;0
18;11;45;0;56;20;0
18;12;00;0;51;18;0
18;12;15;0;63;20;0
18;12;30;12;51;18;0
18;12;45;0;50;17;0
18;13;00;0;54;18;0
18;13;15;10;66;19;0
18;13;30;0;60;19;0
18;13;45;0;64;18;0
18;14;00;10;75;19;0
18;14;15;0;72;21;0
18;14;30;0;74;21;0
18;14;45;0;70;19;0
18;15;00;0;75;19;0
18;15;15;0;70;22;0
18;15;30;0;85;21;0
18;15;45;0;85;19;0
18;16;00;0;75;17;0
18;16;15;0;69;22;0
18;16;30;0;97;22;0
18;16;45;0;91;18;0
18;17;00;0;159;18;0
18;17;15;0;128;20;0
18;17;30;0;141;18;0
18;17;45;0;204;18;0
18;18;00;0;250;19;0
18;18;15;0;570;18;0
18;18;30;0;571;18;0
18;18;45;0;345;17;0
18;19;00;0;140;21;0
18;19;15;0;160;18;0
18;19;30;0;214;19;0
18;19;45;0;240;19;0
18;20;00;0;281;19;0
18;20;15;0;290;18;0
18;20;30;0;269;19;0
18;20;45;0;281;19;0
18;21;00;0;270;19;0
18;21;15;0;240;18;0
18;21;30;0;250;21;0
18;21;45;0;265;17;0
18;22;00;0;205;20;0
18;22;15;0;186;17;0
18;22;30;0;169;21;0
18;22;45;0;180;18;0
18;23;00;0;170;18;0
18;23;15;0;150;19;0
18;23;30;0;170;18;0
18;23;45;0;161;18;0
19;00;00;0;138;18;0
19;00;15;0;56;18;0
19;00;30;0;51;19;0
19;00;45;0;63;18;0
19;01;00;0;46;19;0
19;01;15;0;49;21;0
19;01;30;0;60;22;0
19;01;45;0;61;19;0
19;02;00;0;56;19;0
19;02;15;0;58;18;0
19;02;30;0;66;20;0
19;02;45;0;63;19;0
19;03;00;0;52;19;0
19;03;15;0;55;22;0
19;03;30;0;65;23;0
19;03;45;0;44;18;0
19;04;00;0;51;19;0
19;04;15;0;60;19;0
19;04;30;0;54;20;0
19;04;45;0;46;18;0
19;05;00;0;51;19;0
19;05;15;0;58;17;0
19;05;30;0;51;20;0
19;05;45;0;49;22;0
19;06;00;0;56;20;0
19;06;15;0;80;19;0
19;06;30;0;170;16;0
19;06;45;0;169;18;0
19;07;00;0;260;18;0
19;07;15;0;101;17;0
19;07;30;0;91;19;0
19;07;45;0;44;19;0
19;08;00;0;45;18;0
19;08;15;0;35;20;0
19;08;30;0;41;19;0
19;08;45;0;48;19;0
19;09;00;0;41;17;0
19;09;15;0;40;20;0
19;09;30;0;41;19;0
19;09;45;0;48;19;0
19;10;00;0;41;18;0
19;10;15;0;35;19;0
19;10;30;0;45;18;0
19;10;45;0;40;20;0
19;11;00;0;41;19;0
19;11;15;0;34;18;0
19;11;30;0;46;19;0
19;11;45;0;39;17;0
19;12;00;0;46;19;0
19;12;15;9;114;20;0
19;12;30;0;75;17;0
19;12;45;0;44;21;0
19;13;00;0;46;17;0
19;13;15;0;52;19;0
19;13;30;9.999999999;52;18;0
19;13;45;0;51;20;0
19;14;00;0;34;19;0
19;14;15;0;51;21;0
19;14;30;0;44;21;0
19;14;45;0;31;18;0
19;15;00;0;49;19;0
19;15;15;0;66;21;0
19;15;30;0;45;22;0
19;15;45;0;224;18;0
19;16;00;0;66;20;0
19;16;15;0;55;21;0
19;16;30;0;54;23;0
19;16;45;0;56;19;0
19;17;00;0;60;19;0
19;17;15;0;44;18;0
19;17;30;0;51;18;0
19;17;45;0;104;18;0
19;18;00;0;161;19;0
19;18;15;0;209;16;0
19;18;30;0;516;19;0
19;18;45;0;526;19;0
19;19;00;0;399;19;0
19;19;15;0;170;18;0
19;19;30;0;165;19;0
19;19;45;0;250;19;0
19;20;00;0;260;20;0
19;20;15;0;269;18;0
19;20;30;0;250;19;0
19;20;45;0;271;19;0
19;21;00;0;260;20;0
19;21;15;0;275;17;0
19;21;30;0;260;19;0
19;21;45;0;235;20;0
19;22;00;0;230;18;0
19;22;15;0;270;18;0
19;22;30;0;230;20;0
19;22;45;0;205;18;0
19;23;00;0;210;18;0
19;23;15;0;214;20;0
19;23;30;0;241;16;0
19;23;45;0;195;20;0
20;00;00;0;170;17;0
20;00;15;0;170;17;0
20;00;30;0;180;19;0
20;00;45;0;170;18;0
20;01;00;0;160;20;0
20;01;15;0;129;20;0
20;01;30;0;141;22;0
20;01;45;0;141;19;0
20;02;00;0;159;19;0
20;02;15;0;149;19;0
20;02;30;0;151;19;0
20;02;45;0;140;19;0
20;03;00;0;140;19;0
20;03;15;0;140;22;0
20;03;30;0;145;21;0
20;03;45;0;146;19;0
20;04;00;0;89;18;0
20;04;15;0;85;18;0
20;04;30;0;85;20;0
20;04;45;0;85;18;0
20;05;00;0;95;19;0
20;05;15;0;90;17;0
20;05;30;0;99;20;0
20;05;45;0;85;23;0
20;06;00;0;85;19;0
20;06;15;0;80;19;0
20;06;30;0;286;18;0
20;06;45;0;219;19;0
20;07;00;0;241;17;0
20;07;15;0;145;18;0
20;07;30;0;155;19;0
20;07;45;0;145;18;0
20;08;00;0;224;18;0
20;08;15;0;146;18;0
20;08;30;0;141;19;0
20;08;45;0;124;19;0
20;09;00;0;126;19;0
20;09;15;0;94;19;0
20;09;30;0;85;18;0
20;09;45;0;95;20;0
20;10;00;0;70;19;0
20;10;15;0;49;19;0
20;10;30;0;41;20;0
20;10;45;0;39;18;0
20;11;00;0;41;20;0
20;11;15;0;65;18;0
20;11;30;0;74;20;0
20;11;45;0;160;19;0
20;12;00;0;56;19;0
20;12;15;0;55;18;0
20;12;30;0;44;18;0
20;12;45;0;46;17;0
20;13;00;0;49;20;0
20;13;15;0;51;17;0
20;13;30;10;39;20;0
20;13;45;0;41;18;0
20;14;00;0;29;19;0
20;14;15;0;41;21;0
20;14;30;0;59;22;0
20;14;45;0;86;18;0
20;15;00;0;110;19;0
20;15;15;0;119;21;0
20;15;30;0;121;22;0
20;15;45;0;200;18;0
20;16;00;0;130;20;0
20;16;15;0;139;21;0
20;16;30;0;141;21;0
20;16;45;0;120;19;0
20;17;00;0;120;20;0
20;17;15;0;109;18;0
20;17;30;0;170;18;0
20;17;45;0;170;19;0
20;18;00;0;181;20;0
20;18;15;0;176;15;0
20;18;30;0;164;20;0
20;18;45;0;171;19;0
20;19;00;0;308;19;0
20;19;15;0;286;19;0
20;19;30;0;310;20;0
20;19;45;0;290;18;0
20;20;00;0;279;19;0
20;20;15;0;271;20;0
20;20;30;0;280;19;0
20;20;45;0;279;19;0
20;21;00;0;291;20;0
20;21;15;0;289;19;0
20;21;30;0;250;18;0
20;21;45;0;241;20;0
20;22;00;0;245;20;0
20;22;15;0;179;18;0
20;22;30;0;151;21;0
20;22;45;0;140;18;0
20;23;00;0;134;19;0
20;23;15;0;170;19;0
20;23;30;0;356;19;0
20;23;45;0;674;18;0
21;00;00;0;416;18;0
21;00;15;0;190;19;0
21;00;30;0;189;19;0
21;00;45;0;151;19;0
21;01;00;0;126;17;0
21;01;15;0;129;22;0
21;01;30;0;126;22;0
21;01;45;0;138;19;0
21;02;00;0;151;19;0
21;02;15;0;114;20;0
21;02;30;0;485;18;0
21;02;45;0;401;21;0
21;03;00;0;360;18;0
21;03;15;0;319;22;0
21;03;30;0;306;22;0
21;03;45;0;221;18;0
21;04;00;0;63;21;0
21;04;15;0;66;17;0
21;04;30;0;41;21;0
21;04;45;0;39;18;0
21;05;00;0;46;19;0
21;05;15;0;53;18;0
21;05;30;0;56;21;0
21;05;45;0;50;21;0
21;06;00;0;50;21;0
21;06;15;0;45;20;0
21;06;30;0;35;18;0
21;06;45;0;46;18;0
21;07;00;0;48;18;0
21;07;15;0;46;18;0
21;07;30;0;39;18;0
21;07;45;0;216;21;0
21;08;00;0;555;17;0
21;08;15;0;450;19;0
21;08;30;0;430;17;0
21;08;45;0;145;19;0
21;09;00;0;245;19;0
21;09;15;0;139;20;0
21;09;30;0;126;18;0
21;09;45;0;480;19;0
21;10;00;0;550;19;0
21;10;15;0;494;19;0
21;10;30;0;202;19;0
21;10;45;0;254;18;0
21;11;00;0;230;19;0
21;11;15;0;260;19;0
21;11;30;0;495;21;0
21;11;45;0;140;19;0
21;12;00;0;160;17;0
21;12;15;0;410;19;0
21;12;30;0;165;19;0
21;12;45;0;65;20;0
21;13;00;10;165;20;0
21;13;15;0;204;19;0
21;13;30;0;170;20;0
21;13;45;0;95;19;0
21;14;00;0;250;20;0
21;14;15;0;155;21;0
21;14;30;0;165;23;0
21;14;45;0;66;20;0
21;15;00;0;124;20;0
21;15;15;0;461;21;0
21;15;30;0;485;23;0
21;15;45;0;140;19;0
21;16;00;0;224;20;0
21;16;15;0;201;21;0
21;16;30;0;240;22;0
21;16;45;0;400;19;0
21;17;00;0;715;19;0
21;17;15;0;614;19;0
21;17;30;0;260;18;0
21;17;45;0;275;20;0
21;18;00;0;481;18;0
21;18;15;0;275;16;0
21;18;30;0;270;20;0
21;18;45;0;625;18;0
21;19;00;0;625;19;0
21;19;15;0;269;19;0
21;19;30;0;281;20;0
21;19;45;0;190;18;0
21;20;00;0;194;20;0
21;20;15;0;201;19;0
21;20;30;0;630;20;0
21;20;45;0;540;19;0
21;21;00;0;480;19;0
21;21;15;0;399;20;0
21;21;30;0;361;19;0
21;21;45;0;239;19;0
21;22;00;0;116;19;0
21;22;15;0;140;20;0
21;22;30;0;475;18;0
21;22;45;0;385;20;0
21;23;00;0;385;19;0
21;23;15;0;390;18;0
21;23;30;0;450;19;0
21;23;45;0;261;19;0
22;00;00;0;204;17;0
22;00;15;0;285;20;0
22;00;30;0;261;17;0
22;00;45;0;209;19;0
22;01;00;0;150;19;0
22;01;15;0;136;21;0
22;01;30;0;99;22;0
22;01;45;0;80;18;0
22;02;00;0;85;19;0
22;02;15;0;100;20;0
22;02;30;0;100;19;0
22;02;45;0;94;19;0
22;03;00;0;80;18;0
22;03;15;0;80;22;0
22;03;30;0;85;23;0
22;03;45;0;90;19;0
22;04;00;0;90;18;0
22;04;15;0;92;20;0
22;04;30;0;78;18;0
22;04;45;0;75;21;0
22;05;00;0;80;19;0
22;05;15;0;61;17;0
22;05;30;0;70;20;0
22;05;45;0;70;23;0
22;06;00;0;59;20;0
22;06;15;0;61;20;0
22;06;30;0;55;19;0
22;06;45;0;54;18;0
22;07;00;0;61;19;0
22;07;15;0;70;18;0
22;07;30;0;65;18;0
22;07;45;0;54;18;0
22;08;00;0;56;19;0
22;08;15;0;55;19;0
22;08;30;0;59;19;0
22;08;45;0;70;18;0
22;09;00;0;66;20;0
22;09;15;0;315;18;0
22;09;30;0;455;20;0
22;09;45;0;220;18;0
22;10;00;0;119;19;0
22;10;15;0;165;107;0
22;10;30;0;505;309;0
22;10;45;0;320;247;0
22;11;00;0;281;227;0
22;11;15;0;469;359;0
22;11;30;0;206;22;0
22;11;45;0;270;17;0
22;12;00;0;510;18;0
22;12;15;0;184;19;0
22;12;30;0;170;20;0
22;12;45;9;165;19;0
22;13;00;0;401;19;0
22;13;15;0;315;19;0
22;13;30;0;305;19;0
22;13;45;12;290;21;0
22;14;00;0;104;18;0
22;14;15;0;101;22;0
22;14;30;0;86;21;0
22;14;45;0;299;19;0
22;15;00;0;135;18;0
22;15;15;0;129;22;0
22;15;30;0;101;23;0
22;15;45;0;95;20;0
22;16;00;0;105;19;0
22;16;15;0;80;21;0
22;16;30;0;70;23;0
22;16;45;0;294;17;0
22;17;00;0;136;20;0
22;17;15;0;95;19;0
22;17;30;0;130;19;0
22;17;45;0;405;18;0
22;18;00;0;420;20;0
22;18;15;0;380;16;0
22;18;30;0;365;19;0
22;18;45;0;399;20;0
22;19;00;0;446;19;0
22;19;15;0;280;18;0
22;19;30;0;199;19;0
22;19;45;0;201;19;0
22;20;00;0;410;20;0
22;20;15;0;350;18;0
22;20;30;0;369;19;0
22;20;45;0;366;19;0
22;21;00;0;405;20;0
22;21;15;0;429;18;0
22;21;30;0;316;21;0
22;21;45;0;540;18;0
22;22;00;0;439;20;0
22;22;15;0;330;19;0
22;22;30;0;291;20;0
22;22;45;0;290;19;0
22;23;00;0;206;18;0
22;23;15;0;250;19;0
22;23;30;0;104;18;0
22;23;45;0;95;19;0
23;00;00;0;85;19;0
23;00;15;0;65;17;0
23;00;30;0;71;19;0
23;00;45;0;63;19;0
23;01;00;0;61;17;0
23;01;15;0;55;22;0
23;01;30;0;54;22;0
23;01;45;0;51;18;0
23;02;00;0;70;20;0
23;02;15;0;75;20;0
23;02;30;0;71;18;0
23;02;45;0;58;19;0
23;03;00;0;56;19;0
23;03;15;0;55;21;0
23;03;30;0;59;22;0
23;03;45;0;65;18;0
23;04;00;0;61;20;0
23;04;15;0;55;19;0
23;04;30;0;54;18;0
23;04;45;0;51;21;0
23;05;00;0;49;17;0
23;05;15;0;65;19;0
23;05;30;0;66;21;0
23;05;45;0;56;20;0
23;06;00;0;53;20;0
23;06;15;0;151;21;0
23;06;30;0;354;16;0
23;06;45;0;221;20;0
23;07;00;0;199;18;0
23;07;15;0;131;17;0
23;07;30;0;130;20;0
23;07;45;0;325;18;0
23;08;00;0;590;20;0
23;08;15;0;244;20;0
23;08;30;0;106;17;0
23;08;45;0;105;20;0
23;09;00;0;95;20;0
23;09;15;0;89;19;0
23;09;30;0;90;20;0
23;09;45;0;95;19;0
23;10;00;0;111;18;0
23;10;15;0;110;19;0
23;10;30;0;120;21;0
23;10;45;10;59;18;0
23;11;00;0;496;20;0
23;11;15;0;429;20;0
23;11;30;10;391;19;0
23;11;45;0;380;17;0
23;12;00;9;365;20;0
23;12;15;9.999999999;284;20;0
23;12;30;0;195;18;0
23;12;45;10;616;19;0
23;13;00;10;320;20;0
23;13;15;10;294;18;0
23;13;30;0;240;19;0
23;13;45;9;221;19;0
23;14;00;0;165;18;0
23;14;15;12;85;22;0
23;14;30;0;109;21;0
23;14;45;10;121;18;0
23;15;00;0;260;20;0
23;15;15;0;165;20;0
23;15;30;0;310;23;0
23;15;45;0;394;19;0
23;16;00;0;165;19;0
23;16;15;0;106;21;0
23;16;30;0;130;21;0
23;16;45;0;165;20;0
23;17;00;0;194;19;0
23;17;15;0;211;19;0
23;17;30;0;204;18;0
23;17;45;0;291;20;0
23;18;00;0;250;19;0
23;18;15;0;279;15;0
23;18;30;0;321;20;0
23;18;45;0;310;18;0
23;19;00;0;320;19;0
23;19;15;0;304;18;0
23;19;30;0;356;20;0
23;19;45;0;240;18;0
23;20;00;0;250;20;0
23;20;15;0;225;17;0
23;20;30;0;264;19;0
23;20;45;0;277;19;0
23;21;00;0;269;17;0
23;21;15;0;240;20;0
23;21;30;0;245;17;0
23;21;45;0;309;20;0
23;22;00;0;286;18;0
23;22;15;0;219;19;0
23;22;30;0;191;19;0
23;22;45;0;161;19;0
23;23;00;0;138;18;0
23;23;15;0;90;21;0
23;23;30;0;61;17;0
23;23;45;0;55;17;0
24;00;00;0;54;17;0
24;00;15;0;61;20;0
24;00;30;0;65;18;0
24;00;45;0;60;18;0
24;01;00;0;56;17;0
24;01;15;0;54;22;0
24;01;30;0;56;22;0
24;01;45;0;53;19;0
24;02;00;0;75;18;0
24;02;15;0;71;20;0
24;02;30;0;70;18;0
24;02;45;0;61;19;0
24;03;00;0;53;19;0
24;03;15;0;56;21;0
24;03;30;0;70;21;0
24;03;45;0;66;20;0
24;04;00;0;58;17;0
24;04;15;0;51;21;0
24;04;30;0;49;18;0
24;04;45;0;56;20;0
24;05;00;0;60;17;0
24;05;15;0;66;18;0
24;05;30;0;85;20;0
24;05;45;0;94;21;0
24;06;00;0;65;21;0
24;06;15;0;54;19;0
24;06;30;0;206;18;0
24;06;45;0;129;18;0
24;07;00;0;121;18;0
24;07;15;0;76;18;0
24;07;30;0;68;20;0
24;07;45;0;106;17;0
24;08;00;0;294;19;0
24;08;15;0;106;19;0
24;08;30;0;170;18;0
24;08;45;0;149;16;0
24;09;00;0;112;20;0
24;09;15;0;75;19;0
24;09;30;0;90;19;0
24;09;45;0;94;17;0
24;10;00;0;100;20;0
24;10;15;0;70;20;0
24;10;30;0;66;18;0
24;10;45;0;58;19;0
24;11;00;0;80;20;0
24;11;15;0;66;19;0
24;11;30;0;145;19;0
24;11;45;0;90;17;0
24;12;00;0;70;19;0
24;12;15;0;85;18;0
24;12;30;0;76;19;0
24;12;45;0;294;20;0
24;13;00;0;680;19;0
24;13;15;0;310;20;0
24;13;30;0;250;18;0
24;13;45;0;145;20;0
24;14;00;0;65;20;0
24;14;15;0;74;21;0
24;14;30;0;101;21;0
24;14;45;0;214;19;0
24;15;00;0;141;19;0
24;15;15;0;136;22;0
24;15;30;0;129;22;0
24;15;45;0;121;18;0
24;16;00;0;124;21;0
24;16;15;0;140;21;0
24;16;30;0;139;23;0
24;16;45;0;226;167;0
24;17;00;0;385;237;0
24;17;15;0;370;249;0
24;17;30;0;379;277;0
24;17;45;0;441;279;0
24;18;00;0;180;19;0
24;18;15;0;189;17;0
24;18;30;0;221;20;0
24;18;45;0;305;18;0
24;19;00;0;385;20;0
24;19;15;0;395;18;0
24;19;30;0;305;20;0
24;19;45;0;289;18;0
24;20;00;0;216;21;0
24;20;15;0;209;18;0
24;20;30;0;201;19;0
24;20;45;0;175;19;0
24;21;00;0;180;20;0
24;21;15;0;285;19;0
24;21;30;0;370;18;0
24;21;45;0;240;20;0
24;22;00;0;250;19;0
24;22;15;0;245;19;0
24;22;30;0;205;18;0
24;22;45;0;94;21;0
24;23;00;0;85;18;0
24;23;15;0;85;19;0
24;23;30;0;95;18;0
24;23;45;0;56;18;0
25;00;00;0;45;18;0
25;00;15;0;40;20;0
25;00;30;0;41;19;0
25;00;45;0;34;18;0
25;01;00;0;46;19;0
25;01;15;0;48;21;0
25;01;30;0;58;22;0
25;01;45;0;42;21;0
25;02;00;0;46;18;0
25;02;15;0;44;20;0
25;02;30;0;54;20;0
25;02;45;0;57;19;0
25;03;00;0;49;20;0
25;03;15;0;51;21;0
25;03;30;0;39;22;0
25;03;45;0;41;20;0
25;04;00;0;39;19;0
25;04;15;0;41;19;0
25;04;30;0;55;21;0
25;04;45;0;45;17;0
25;05;00;0;41;21;0
25;05;15;0;29;17;0
25;05;30;0;39;21;0
25;05;45;0;51;21;0
25;06;00;0;51;19;0
25;06;15;0;44;21;0
25;06;30;0;145;17;0
25;06;45;0;135;18;0
25;07;00;0;154;19;0
25;07;15;0;96;18;0
25;07;30;0;229;19;0
25;07;45;0;136;18;0
25;08;00;0;114;20;0
25;08;15;0;109;18;0
25;08;30;0;107;20;0
25;08;45;0;109;18;0
25;09;00;0;116;20;0
25;09;15;0;120;20;0
25;09;30;0;124;18;0
25;09;45;0;161;20;0
25;10;00;0;249;19;0
25;10;15;0;126;19;0
25;10;30;0;141;18;0
25;10;45;5;129;19;0
25;11;00;5;104;18;0
25;11;15;0;116;19;0
25;11;30;0;119;19;0
25;11;45;0;141;20;0
25;12;00;0;114;18;0
25;12;15;9;121;19;0
25;12;30;0;180;19;0
25;12;45;0;124;19;0
25;13;00;9.999999999;160;19;0
25;13;15;0;196;20;0
25;13;30;0;214;19;0
25;13;45;10;206;19;0
25;14;00;0;115;19;0
25;14;15;0;75;21;0
25;14;30;0;330;21;0
25;14;45;0;279;20;0
25;15;00;0;112;19;0
25;15;15;0;85;22;0
25;15;30;0;84;23;0
25;15;45;0;69;18;0
25;16;00;0;65;20;0
25;16;15;0;66;23;0
25;16;30;0;94;21;0
25;16;45;0;161;20;0
25;17;00;0;168;18;0
25;17;15;0;171;21;0
25;17;30;0;191;17;0
25;17;45;0;190;20;0
25;18;00;0;204;18;0
25;18;15;0;241;18;0
25;18;30;0;475;19;0
25;18;45;0;225;17;0
25;19;00;0;300;20;0
25;19;15;0;280;18;0
25;19;30;0;234;20;0
25;19;45;0;236;18;0
25;20;00;0;750;19;0
25;20;15;0;490;19;0
25;20;30;0;420;19;0
25;20;45;0;300;19;0
25;21;00;0;309;18;0
25;21;15;0;245;19;0
25;21;30;0;241;18;0
25;21;45;0;245;20;0
25;22;00;0;240;19;0
25;22;15;0;245;18;0
25;22;30;0;230;21;0
25;22;45;0;180;19;0
25;23;00;0;250;18;0
25;23;15;0;265;19;0
25;23;30;0;194;17;0
25;23;45;0;155;17;0
26;00;00;0;165;18;0
26;00;15;0;180;19;0
26;00;30;0;186;17;0
26;00;45;0;105;20;0
26;01;00;0;44;17;0
26;01;15;0;51;22;0
26;01;30;0;56;22;0
26;01;45;0;58;19;0
26;02;00;0;70;19;0
26;02;15;0;66;19;0
26;02;30;0;60;20;0
26;02;45;0;54;19;0
26;03;00;0;56;17;0
26;03;15;0;55;23;0
26;03;30;0;64;22;0
26;03;45;0;60;18;0
26;04;00;0;51;19;0
26;04;15;0;49;19;0
26;04;30;0;51;21;0
26;04;45;0;51;17;0
26;05;00;0;58;19;0
26;05;15;0;56;18;0
26;05;30;0;56;21;0
26;05;45;0;53;20;0
26;06;00;0;61;22;0
26;06;15;0;340;20;0
26;06;30;0;240;19;0
26;06;45;0;221;18;0
26;07;00;0;209;17;0
26;07;15;0;109;19;0
26;07;30;0;102;19;0
26;07;45;0;199;18;0
26;08;00;0;230;17;0
26;08;15;0;80;20;0
26;08;30;0;95;19;0
26;08;45;0;90;19;0
26;09;00;0;60;18;0
26;09;15;0;80;20;0
26;09;30;0;81;19;0
26;09;45;0;143;19;0
26;10;00;10;70;19;0
26;10;15;0;66;19;0
26;10;30;0;60;20;0
26;10;45;0;54;18;0
26;11;00;9;56;18;0
26;11;15;0;60;20;0
26;11;30;12;71;19;0
26;11;45;0;63;19;0
26;12;00;10;66;18;0
26;12;15;0;60;19;0
26;12;30;10;61;20;0
26;12;45;0;58;19;0
26;13;00;4;165;19;0
26;13;15;5;221;18;0
26;13;30;0;194;19;0
26;13;45;9.999999999;112;19;0
26;14;00;0;68;20;0
26;14;15;10;70;21;0
26;14;30;0;76;20;0
26;14;45;10;65;21;0
26;15;00;0;60;18;0
26;15;15;0;49;22;0
26;15;30;0;51;23;0
26;15;45;0;39;18;0
26;16;00;0;70;20;0
26;16;15;0;61;21;0
26;16;30;0;85;21;0
26;16;45;0;91;20;0
26;17;00;0;87;20;0
26;17;15;0;247;17;0
26;17;30;0;225;19;0
26;17;45;0;219;18;0
26;18;00;0;196;19;0
26;18;15;0;250;17;0
26;18;30;0;224;19;0
26;18;45;0;226;18;0
26;19;00;0;280;18;0
26;19;15;0;300;20;0
26;19;30;0;255;18;0
26;19;45;0;220;20;0
26;20;00;0;139;18;0
26;20;15;0;150;19;0
26;20;30;0;180;18;0
26;20;45;0;201;18;0
26;21;00;0;245;21;0
26;21;15;0;265;18;0
26;21;30;0;245;19;0
26;21;45;0;230;19;0
26;22;00;0;219;18;0
26;22;15;0;170;18;0
26;22;30;0;186;20;0
26;22;45;0;149;20;0
26;23;00;0;107;17;0
26;23;15;0;63;21;0
26;23;30;0;61;18;0
26;23;45;0;46;16;0
27;00;00;0;74;18;0
27;00;15;0;80;19;0
27;00;30;0;74;18;0
27;00;45;0;70;19;0
27;01;00;0;66;18;0
27;01;15;0;75;22;0
27;01;30;0;85;21;0
27;01;45;0;65;20;0
27;02;00;0;59;19;0
27;02;15;0;56;19;0
27;02;30;0;60;18;0
27;02;45;0;60;20;0
27;03;00;0;64;18;0
27;03;15;0;61;21;0
27;03;30;0;55;23;0
27;03;45;0;48;18;0
27;04;00;0;47;19;0
27;04;15;0;49;20;0
27;04;30;0;61;19;0
27;04;45;0;65;19;0
27;05;00;0;44;19;0
27;05;15;0;51;16;0
27;05;30;0;50;22;0
27;05;45;0;54;22;0
27;06;00;0;61;19;0
27;06;15;0;60;20;0
27;06;30;0;140;18;0
27;06;45;0;130;18;0
27;07;00;0;140;19;0
27;07;15;0;110;18;0
27;07;30;0;229;20;0
27;07;45;0;171;17;0
27;08;00;0;236;19;0
27;08;15;0;354;19;0
27;08;30;0;134;19;0
27;08;45;0;101;20;0
27;09;00;0;95;19;0
27;09;15;9;75;17;0
27;09;30;0;71;20;0
27;09;45;6;173;19;0
27;10;00;5.999999999;106;19;0
27;10;15;10;51;20;0
27;10;30;10;58;19;0
27;10;45;14;56;17;0
27;11;00;15;65;29;0
27;11;15;20;80;30;0
27;11;30;9;75;29;0
27;11;45;22;74;29;0
27;12;00;19;65;29;0
27;12;15;20;85;29;0
27;12;30;19;71;29;0
27;12;45;22;41;29;0
27;13;00;19;48;28;0
27;13;15;20;51;28;0
27;13;30;10;39;30;0
27;13;45;21;41;27;0
27;14;00;15;39;27;0
27;14;15;14;41;30;0
27;14;30;9.999999999;54;30;0
27;14;45;10;56;25;0
27;15;00;10;95;27;0
27;15;15;10;116;28;0
27;15;30;0;49;28;0
27;15;45;9;41;25;0
27;16;00;0;48;20;0
27;16;15;0;56;20;0
27;16;30;0;56;22;0
27;16;45;0;53;18;0
27;17;00;0;111;17;0
27;17;15;0;185;20;0
27;17;30;0;380;18;0
27;17;45;0;530;17;0
27;18;00;0;394;19;0
27;18;15;0;196;17;0
27;18;30;0;209;18;0
27;18;45;0;226;19;0
27;19;00;0;180;17;0
27;19;15;0;170;19;0
27;19;30;0;189;20;0
27;19;45;0;496;18;0
27;20;00;0;484;18;0
27;20;15;0;446;18;0
27;20;30;0;365;18;0
27;20;45;0;391;19;0
27;21;00;0;209;17;0
27;21;15;0;150;20;0
27;21;30;0;170;17;0
27;21;45;0;240;20;0
27;22;00;0;140;18;0
27;22;15;0;144;19;0
27;22;30;0;156;18;0
27;22;45;0;189;18;0
27;23;00;0;235;19;0
27;23;15;0;121;18;0
27;23;30;0;115;18;0
27;23;45;0;107;16;0
28;00;00;0;103;18;0
28;00;15;0;91;17;0
28;00;30;0;69;18;0
28;00;45;0;74;18;0
28;01;00;0;66;18;0
28;01;15;0;65;19;0
28;01;30;0;60;21;0
28;01;45;0;59;19;0
28;02;00;0;80;18;0
28;02;15;0;80;17;0
28;02;30;0;80;19;0
28;02;45;0;71;18;0
28;03;00;0;65;19;0
28;03;15;0;65;19;0
28;03;30;0;64;22;0
28;03;45;0;70;19;0
28;04;00;0;71;18;0
28;04;15;0;60;19;0
28;04;30;0;49;18;0
28;04;45;0;56;19;0
28;05;00;0;50;18;0
28;05;15;0;59;17;0
28;05;30;0;70;21;0
28;05;45;0;61;21;0
28;06;00;0;56;19;0
28;06;15;0;53;20;0
28;06;30;0;51;18;0
28;06;45;0;55;17;0
28;07;00;0;64;19;0
28;07;15;0;61;17;0
28;07;30;0;60;18;0
28;07;45;0;49;20;0
28;08;00;0;155;18;0
28;08;15;0;100;18;0
28;08;30;0;111;19;0
28;08;45;0;100;17;0
28;09;00;0;210;18;0
28;09;15;0;115;19;0
28;09;30;12;185;19;0
28;09;45;5;255;17;0
28;10;00;5;310;19;0
28;10;15;10;396;20;0
28;10;30;14;148;19;0
28;10;45;15;276;20;0
28;11;00;19;355;27;0
28;11;15;22;374;27;0
28;11;30;19;121;27;0
28;11;45;20;49;28;0
28;12;00;19;51;28;0
28;12;15;22;41;27;0
28;12;30;19;39;28;0
28;12;45;20;41;27;0
28;13;00;20;39;27;0
28;13;15;26;51;28;0
28;13;30;24;48;25;0
28;13;45;20;51;27;0
28;14;00;19;110;28;0
28;14;15;17;55;28;0
28;14;30;15;71;29;0
28;14;45;19;63;27;0
28;15;00;10;96;27;0
28;15;15;10;115;29;0
28;15;30;9;56;29;0
28;15;45;12;44;25;0
28;16;00;0;45;26;0
28;16;15;0;54;21;0
28;16;30;0;85;21;0
28;16;45;0;141;18;0
28;17;00;0;150;18;0
28;17;15;0;155;20;0
28;17;30;0;185;16;0
28;17;45;0;180;18;0
28;18;00;0;200;20;0
28;18;15;0;181;16;0
28;18;30;0;234;17;0
28;18;45;0;300;18;0
28;19;00;0;354;18;0
28;19;15;0;335;18;0
28;19;30;0;341;16;0
28;19;45;0;285;20;0
28;20;00;0;140;18;0
28;20;15;0;64;16;0
28;20;30;0;66;20;0
28;20;45;0;60;18;0
28;21;00;0;72;17;0
28;21;15;0;74;20;0
28;21;30;0;73;18;0
28;21;45;0;65;19;0
28;22;00;0;66;18;0
28;22;15;0;65;19;0
28;22;30;0;59;18;0
28;22;45;0;161;18;0
28;23;00;0;229;19;0
28;23;15;0;271;18;0
28;23;30;0;200;17;0
28;23;45;0;139;18;0
29;00;00;0;80;17;0
29;00;15;0;106;16;0
29;00;30;0;129;18;0
29;00;45;0;121;17;0
29;01;00;0;120;17;0
29;01;15;0;89;20;0
29;01;30;0;90;22;0
29;01;45;0;90;16;0
29;02;00;0;97;19;0
29;02;15;0;90;18;0
29;02;30;0;80;17;0
29;02;45;0;85;18;0
29;03;00;0;79;19;0
29;03;15;0;91;20;0
29;03;30;0;99;21;0
29;03;45;0;90;20;0
29;04;00;0;85;16;0
29;04;15;0;80;20;0
29;04;30;0;85;17;0
29;04;45;0;90;20;0
29;05;00;0;85;18;0
29;05;15;0;60;16;0
29;05;30;0;59;23;0
29;05;45;0;56;20;0
29;06;00;0;55;21;0
29;06;15;0;59;19;0
29;06;30;0;70;18;0
29;06;45;0;66;18;0
29;07;00;0;55;20;0
29;07;15;0;49;18;0
29;07;30;0;56;18;0
29;07;45;0;99;19;0
29;08;00;0;151;18;0
29;08;15;0;140;18;0
29;08;30;0;129;18;0
29;08;45;0;131;20;0
29;09;00;10;205;19;0
29;09;15;0;145;17;0
29;09;30;10;90;19;0
29;09;45;9;170;19;0
29;10;00;9.999999999;179;17;0
29;10;15;10;181;20;0
29;10;30;20;190;19;0
29;10;45;9;200;18;0
29;11;00;22;210;19;0
29;11;15;19;209;19;0
29;11;30;20;178;18;0
29;11;45;19;162;20;0
29;12;00;22;156;18;0
29;12;15;29;50;20;0
29;12;30;35;20;25;0
29;12;45;35;29;27;0
29;13;00;40;10;26;0
29;13;15;41;21;27;0
29;13;30;43;20;27;0
29;13;45;46;15;27;0
29;14;00;39;24;26;0
29;14;15;51;36;29;0
29;14;30;39;25;31;0
29;14;45;36;19;24;0
29;15;00;35;31;25;0
29;15;15;31;59;28;0
29;15;30;24;491;27;0
29;15;45;15;530;23;0
29;16;00;19;445;25;0
29;16;15;12;120;23;0
29;16;30;5;270;21;0
29;16;45;5;150;19;0
29;17;00;0;139;18;0
29;17;15;0;221;17;0
29;17;30;0;170;18;0
29;17;45;0;199;19;0
29;18;00;0;211;19;0
29;18;15;0;294;16;0
29;18;30;0;481;17;0
29;18;45;0;305;18;0
29;19;00;0;241;20;0
29;19;15;0;239;17;0
29;19;30;0;229;17;0
29;19;45;0;266;20;0
29;20;00;0;280;17;0
29;20;15;0;279;18;0
29;20;30;0;231;19;0
29;20;45;0;235;18;0
29;21;00;0;230;18;0
29;21;15;0;170;19;0
29;21;30;0;149;18;0
29;21;45;0;170;18;0
29;22;00;0;165;22;0
29;22;15;0;221;17;0
29;22;30;0;230;19;0
29;22;45;0;230;18;0
29;23;00;0;160;20;0
29;23;15;0;169;19;0
29;23;30;0;405;19;0
29;23;45;0;211;15;0
30;00;00;0;160;18;0
30;00;15;0;170;17;0
30;00;30;0;138;16;0
30;00;45;0;141;18;0
30;01;00;0;122;18;0
30;01;15;0;114;21;0
30;01;30;0;109;20;0
30;01;45;0;107;19;0
30;02;00;0;99;18;0
30;02;15;0;110;17;0
30;02;30;0;120;18;0
30;02;45;0;115;20;0
30;03;00;0;114;17;0
30;03;15;0;107;20;0
30;03;30;0;104;21;0
30;03;45;0;105;18;0
30;04;00;0;115;18;0
30;04;15;0;115;18;0
30;04;30;0;114;18;0
30;04;45;0;90;18;0
30;05;00;0;51;18;0
30;05;15;0;44;17;0
30;05;30;0;56;20;0
30;05;45;0;65;20;0
30;06;00;0;61;21;0
30;06;15;0;159;20;0
30;06;30;0;240;17;0
30;06;45;0;261;18;0
30;07;00;0;184;19;0
30;07;15;0;150;19;0
30;07;30;0;139;17;0
30;07;45;0;80;19;0
30;08;00;0;41;20;0
30;08;15;0;35;17;0
30;08;30;0;41;18;0
30;08;45;0;44;19;0
30;09;00;19;36;18;0
30;09;15;9.999999999;29;17;0
30;09;30;10;20;17;0
30;09;45;10;29;20;0
30;10;00;19;21;17;0
30;10;15;12;30;17;0
30;10;30;39;19;19;0
30;10;45;35;31;18;0
30;11;00;40;30;18;0
30;11;15;34;29;19;0
30;11;30;0;51;18;0
30;11;45;12;60;18;0
30;12;00;29;49;18;0
30;12;15;30;83;17;0
30;12;30;10;118;18;0
30;12;45;21;270;19;0
30;13;00;29;859;17;0
30;13;15;25;296;18;0
30;13;30;26;226;19;0
30;13;45;29;78;17;0
30;14;00;39;65;17;0
30;14;15;41;95;21;0
30;14;30;40;346;278;0
30;14;45;31;250;141;0
30;15;00;10;445;328;0
30;15;15;14;425;321;0
30;15;30;15;204;183;0
30;15;45;10;29;20;0
30;16;00;0;41;19;0
30;16;15;0;46;21;0
30;16;30;9;60;21;0
30;16;45;0;120;20;0
30;17;00;0;140;17;0
30;17;15;0;209;19;0
30;17;30;0;191;18;0
30;17;45;0;181;19;0
30;18;00;0;159;20;0
30;18;15;0;180;17;0
30;18;30;0;195;18;0
30;18;45;0;435;18;0
30;19;00;0;640;20;0
30;19;15;0;540;17;0
30;19;30;0;636;19;0
30;19;45;0;836;18;0
30;20;00;0;778;17;0
30;20;15;0;564;18;0
30;20;30;0;420;20;0
30;20;45;0;311;16;0
30;21;00;0;420;20;0
30;21;15;0;460;18;0
30;21;30;0;335;18;0
30;21;45;0;185;19;0
30;22;00;0;240;18;0
30;22;15;0;205;19;0
30;22;30;0;189;18;0
30;22;45;0;226;19;0
30;23;00;0;194;18;0
30;23;15;0;176;19;0
30;23;30;0;165;7;0
30;23;45;0;139;2;0
31;00;00;0;141;3;0
31;00;15;0;90;7;0
31;00;30;0;65;17;0
31;00;45;0;59;17;0
31;01;00;0;56;17;0
31;01;15;0;55;20;0
31;01;30;0;54;20;0
31;01;45;0;65;17;0
31;02;00;0;76;18;0
31;02;15;0;70;17;0
31;02;30;0;65;18;0
31;02;45;0;59;17;0
31;03;00;0;60;18;0
31;03;15;0;66;20;0
31;03;30;0;65;20;0
31;03;45;0;65;19;0
31;04;00;0;54;16;0
31;04;15;0;51;18;0
31;04;30;0;54;17;0
31;04;45;0;61;19;0
31;05;00;0;70;18;0
31;05;15;0;60;17;0
31;05;30;0;54;21;0
31;05;45;0;56;20;0
31;06;00;0;55;20;0
31;06;15;0;59;19;0
31;06;30;0;160;18;0
31;06;45;0;196;19;0
31;07;00;0;110;18;0
31;07;15;0;175;18;0
31;07;30;0;126;18;0
31;07;45;0;129;18;0
31;08;00;0;160;17;0
31;08;15;0;131;18;0
31;08;30;0;159;19;0
31;08;45;0;149;18;0
31;09;00;0;250;19;0
31;09;15;12;90;15;0
31;09;30;10;131;20;0
31;09;45;0;150;18;0
31;10;00;10;151;19;0
31;10;15;9;223;19;0
31;10;30;9.999999999;85;19;0
31;10;45;25;71;19;0
31;11;00;16;84;18;0
31;11;15;20;95;19;0
31;11;30;29;112;17;0
31;11;45;20;109;19;0
31;12;00;21;199;19;0
31;12;15;49;126;17;0
31;12;30;41;146;20;0
31;12;45;29;153;17;0
31;13;00;29;86;18;0
31;13;15;66;130;18;0
31;13;30;80;75;18;0
31;13;45;51;85;17;0
31;14;00;65;90;18;0
31;14;15;34;131;21;0
31;14;30;15;148;22;0
31;14;45;10;150;18;0
31;15;00;0;151;17;0
31;15;15;10;99;22;0
31;15;30;9;100;21;0
31;15;45;22;85;17;0
31;16;00;10;126;20;0
31;16;15;0;150;20;0
31;16;30;0;180;22;0
31;16;45;0;175;18;0
31;17;00;0;175;18;0
31;17;15;0;160;19;0
31;17;30;0;130;18;0
31;17;45;0;160;18;0
31;18;00;0;215;19;0
31;18;15;0;200;16;0
31;18;30;0;175;19;0
31;18;45;0;429;18;0
31;19;00;0;625;18;0
31;19;15;0;540;20;0
31;19;30;0;506;18;0
31;19;45;0;150;18;0
31;20;00;0;144;19;0
31;20;15;0;240;18;0
31;20;30;0;271;19;0
31;20;45;0;270;17;0
31;21;00;0;290;20;0
31;21;15;0;320;18;0
31;21;30;0;310;17;0
31;21;45;0;299;20;0
31;22;00;0;334;18;0
31;22;15;0;341;19;0
31;22;30;0;245;17;0
31;22;45;0;211;18;0
31;23;00;0;204;17;0
31;23;15;0;151;19;0
31;23;30;0;155;7;0
31;23;45;0;83;3;0
